id,prompt,output,elapsed_s
1,Simplify the expression (2x^2 - 3x + 1) + (4x^2 + 2x - 5).,"Simplify the expression (2x^2 - 3x + 1) + (4x^2 + 2x - 5).

To simplify the expression (2x^2 - ",3546.5
2,Find the derivative of f(x) = x^3 + 2x^2 - 5x + 7.,"Find the derivative of f(x) = x^3 + 2x^2 - 5x + 7.

To find the derivative of f(x) = x",3708.53
3,Integrate 2x * cos(x) with respect to x.,"Integrate 2x * cos(x) with respect to x.

To integrate 2x * cos(x) with",3543.41
4,"A train travels 60 km/h for 1.5 hours, then 90 km/h for 2 hours. Find total distance.","A train travels 60 km/h for 1.5 hours, then 90 km/h for 2 hours. Find total distance.

Let $d_1$ be the distance traveled at",3544.08
